Model,Accuracy,Up/Down prediction
TCN,0.813953488372093,Down
LSTM,0.8325581395348837,Down
Random Forest,0.8093023255813954,Down
Logistic Regression,0.8372093023255814,Down
SVM,0.8372093023255814,Down
Naive Bayes,0.813953488372093,Down
KNN,0.8046511627906977,Down
