Model,Accuracy,Up/Down prediction
TCN,0.7349397590361446,Down
LSTM,0.6867469879518072,Down
Random Forest,0.7590361445783133,Down
Logistic Regression,0.7469879518072289,Down
SVM,0.7469879518072289,Down
Naive Bayes,0.6746987951807228,Down
KNN,0.7228915662650602,Down
