Model,Accuracy,Up/Down prediction
TCN,0.8186046511627907,Down
LSTM,0.8046511627906977,Down
Random Forest,0.8093023255813954,Down
Logistic Regression,0.8093023255813954,Down
SVM,0.8046511627906977,Down
Naive Bayes,0.7441860465116279,Down
KNN,0.7953488372093023,Down
