Model,Accuracy,Up/Down prediction
TCN,0.7590361445783133,Up
LSTM,0.7831325301204819,Up
Random Forest,0.7590361445783133,Up
Logistic Regression,0.7831325301204819,Up
SVM,0.7831325301204819,Up
Naive Bayes,0.7469879518072289,Down
KNN,0.7469879518072289,Up
