Model,Accuracy,Up/Down prediction
TCN,0.8558139534883721,Up
LSTM,0.8186046511627907,Down
Random Forest,0.8697674418604651,Up
Logistic Regression,0.8511627906976744,Up
SVM,0.8558139534883721,Up
Naive Bayes,0.8,Down
KNN,0.8232558139534883,Down
