Model,Accuracy,Up/Down prediction
TCN,0.8325581395348837,Up
LSTM,0.786046511627907,Up
Random Forest,0.8325581395348837,Up
Logistic Regression,0.8325581395348837,Up
SVM,0.8232558139534883,Up
Naive Bayes,0.8046511627906977,Down
KNN,0.7813953488372093,Up
