Model,Accuracy,Up/Down prediction
TCN,0.8303030303030303,Down
LSTM,0.806060606060606,Down
Random Forest,0.8363636363636363,Down
Logistic Regression,0.8363636363636363,Down
SVM,0.8181818181818182,Down
Naive Bayes,0.8181818181818182,Down
KNN,0.8181818181818182,Up
