Model,Accuracy,Up/Down prediction
TCN,0.8433734939759037,Up
LSTM,0.8433734939759037,Up
Random Forest,0.8433734939759037,Down
Logistic Regression,0.8313253012048193,Up
SVM,0.8554216867469879,Up
Naive Bayes,0.8433734939759037,Up
KNN,0.8192771084337349,Up
