Model,Accuracy,Up/Down prediction
TCN,0.8424242424242424,Down
LSTM,0.8484848484848485,Down
Random Forest,0.8484848484848485,Down
Logistic Regression,0.8484848484848485,Down
SVM,0.8363636363636363,Down
Naive Bayes,0.8363636363636363,Down
KNN,0.7757575757575758,Down
