Model,Accuracy,Up/Down prediction
TCN,0.8433734939759037,Up
LSTM,0.8433734939759037,Up
Random Forest,0.8795180722891566,Up
Logistic Regression,0.8554216867469879,Up
SVM,0.8072289156626506,Up
Naive Bayes,0.7951807228915663,Up
KNN,0.8433734939759037,Up
