Model,Accuracy,Up/Down prediction
TCN,0.6363636363636364,Down
LSTM,0.6909090909090909,Down
Random Forest,0.6424242424242425,Down
Logistic Regression,0.6484848484848484,Down
SVM,0.6787878787878788,Down
Naive Bayes,0.6545454545454545,Down
KNN,0.593939393939394,Down
