Model,Accuracy,Up/Down prediction
TCN,0.7767441860465116,Down
LSTM,0.7813953488372093,Down
Random Forest,0.7906976744186046,Down
Logistic Regression,0.7767441860465116,Down
SVM,0.786046511627907,Down
Naive Bayes,0.7767441860465116,Down
KNN,0.7813953488372093,Down
