Model,Accuracy,Up/Down prediction
TCN,0.7831325301204819,Down
LSTM,0.8072289156626506,Up
Random Forest,0.8192771084337349,Down
Logistic Regression,0.8072289156626506,Down
SVM,0.7951807228915663,Down
Naive Bayes,0.8192771084337349,Down
KNN,0.7108433734939759,Down
