Model,Accuracy,Up/Down prediction
TCN,0.8325581395348837,Down
LSTM,0.8046511627906977,Down
Random Forest,0.813953488372093,Down
Logistic Regression,0.8325581395348837,Down
SVM,0.827906976744186,Down
Naive Bayes,0.7674418604651163,Down
KNN,0.7906976744186046,Down
