Model,Accuracy,Up/Down prediction
TCN,0.8181818181818182,Down
LSTM,0.7696969696969697,Down
Random Forest,0.7878787878787878,Down
Logistic Regression,0.793939393939394,Down
SVM,0.8121212121212121,Down
Naive Bayes,0.7272727272727273,Down
KNN,0.7818181818181819,Down
