Model,Accuracy,Up/Down prediction
TCN,0.7953488372093023,Down
LSTM,0.8232558139534883,Down
Random Forest,0.7813953488372093,Down
Logistic Regression,0.8046511627906977,Down
SVM,0.786046511627907,Down
Naive Bayes,0.7581395348837209,Down
KNN,0.772093023255814,Down
