Model,Accuracy,Up/Down prediction
TCN,0.8072289156626506,Up
LSTM,0.8192771084337349,Down
Random Forest,0.7951807228915663,Down
Logistic Regression,0.8072289156626506,Down
SVM,0.8192771084337349,Up
Naive Bayes,0.7108433734939759,Down
KNN,0.7590361445783133,Up
