Model,Accuracy,Up/Down prediction
TCN,0.8313253012048193,Up
LSTM,0.8313253012048193,Up
Random Forest,0.8313253012048193,Up
Logistic Regression,0.8192771084337349,Up
SVM,0.8192771084337349,Up
Naive Bayes,0.7349397590361446,Down
KNN,0.7951807228915663,Up
