Model,Accuracy,Up/Down prediction
TCN,0.7696969696969697,Down
LSTM,0.7333333333333333,Down
Random Forest,0.793939393939394,Down
Logistic Regression,0.806060606060606,Down
SVM,0.806060606060606,Down
Naive Bayes,0.7212121212121212,Down
KNN,0.7393939393939394,Down
