Model,Accuracy,Up/Down prediction
TCN,0.6883720930232559,Down
LSTM,0.6651162790697674,Down
Random Forest,0.6976744186046512,Down
Logistic Regression,0.7069767441860465,Down
SVM,0.6837209302325581,Down
Naive Bayes,0.6232558139534884,Down
KNN,0.6372093023255814,Down
