Model,Accuracy,Up/Down prediction
TCN,0.8554216867469879,Up
LSTM,0.7469879518072289,Down
Random Forest,0.8554216867469879,Up
Logistic Regression,0.8674698795180723,Up
SVM,0.8433734939759037,Up
Naive Bayes,0.7590361445783133,Down
KNN,0.8192771084337349,Up
