Model,Accuracy,Up/Down prediction
TCN,0.6867469879518072,Down
LSTM,0.6265060240963856,Down
Random Forest,0.6626506024096386,Down
Logistic Regression,0.6506024096385542,Down
SVM,0.6746987951807228,Down
Naive Bayes,0.6987951807228916,Down
KNN,0.5662650602409639,Down
