Model,Accuracy,Up/Down prediction
TCN,0.827906976744186,Down
LSTM,0.7953488372093023,Down
Random Forest,0.8325581395348837,Down
Logistic Regression,0.8232558139534883,Down
SVM,0.813953488372093,Down
Naive Bayes,0.772093023255814,Down
KNN,0.7674418604651163,Up
