Model,Accuracy,Up/Down prediction
TCN,0.7831325301204819,Up
LSTM,0.7469879518072289,Up
Random Forest,0.7951807228915663,Up
Logistic Regression,0.8072289156626506,Up
SVM,0.8072289156626506,Up
Naive Bayes,0.7469879518072289,Down
KNN,0.7710843373493976,Up
