Model,Accuracy,Up/Down prediction
TCN,0.8232558139534883,Up
LSTM,0.8186046511627907,Up
Random Forest,0.8372093023255814,Down
Logistic Regression,0.827906976744186,Down
SVM,0.8186046511627907,Down
Naive Bayes,0.7906976744186046,Down
KNN,0.7953488372093023,Down
