Model,Accuracy,Up/Down prediction
TCN,0.786046511627907,Down
LSTM,0.7767441860465116,Down
Random Forest,0.786046511627907,Down
Logistic Regression,0.8,Down
SVM,0.8093023255813954,Down
Naive Bayes,0.7023255813953488,Down
KNN,0.7488372093023256,Down
