Model,Accuracy,Up/Down prediction
TCN,0.9036144578313253,Up
LSTM,0.8313253012048193,Down
Random Forest,0.927710843373494,Up
Logistic Regression,0.9036144578313253,Up
SVM,0.9156626506024096,Up
Naive Bayes,0.7710843373493976,Down
KNN,0.8554216867469879,Up
