Model,Accuracy,Up/Down prediction
TCN,0.8079470198675497,Down
LSTM,0.6887417218543046,Down
Random Forest,0.7880794701986755,Down
Logistic Regression,0.7880794701986755,Down
SVM,0.7880794701986755,Down
Naive Bayes,0.7152317880794702,Down
KNN,0.7682119205298014,Down
