Model,Accuracy,Up/Down prediction
TCN,0.7469879518072289,Down
LSTM,0.7108433734939759,Up
Random Forest,0.7710843373493976,Down
Logistic Regression,0.7710843373493976,Down
SVM,0.7710843373493976,Down
Naive Bayes,0.7228915662650602,Down
KNN,0.7951807228915663,Down
