Model,Accuracy,Up/Down prediction
TCN,0.6883720930232559,Down
LSTM,0.6883720930232559,Down
Random Forest,0.6558139534883721,Down
Logistic Regression,0.7162790697674418,Down
SVM,0.7023255813953488,Down
Naive Bayes,0.6697674418604651,Down
KNN,0.641860465116279,Down
