Model,Accuracy,Up/Down prediction
TCN,0.7878787878787878,Down
LSTM,0.7757575757575758,Up
Random Forest,0.806060606060606,Down
Logistic Regression,0.8,Down
SVM,0.8121212121212121,Down
Naive Bayes,0.7575757575757576,Down
KNN,0.7636363636363637,Down
